Property,ObtainedValue,Variance,CI,Problems
PPNL(balance),0.1225,0.10750868176135575,0.019906852354552168,0
