Property,ObtainedValue,Variance,CI,Problems
PPNL(balance),0.501144578313253,0.25001375100982276,0.019992862502208174,0
